Latency_Injected,Jitter_Injected,Packet_Loss_Injected,Handshake_Completion_Time_ms,Observed_Network_RTT_ms,Observed_Jitter_ms,IP_Fragmentation_Count,TCP_Retransmissions,Final_Negotiated_State,Negotiated_Group
0,0,0,5.700111389160156,0.5002021789550781,1.6021203507183204,0,0,S1,1113
0,0,0,5.699872970581055,0.49996376037597656,1.60215476051935,0,0,S2,29
20,5,1,93.29986572265625,19.999980926513672,4.488398646002163,0,1,S1,1113
20,5,1,93.30010414123535,20.000219345092773,3.367935641861252,0,0,S2,29
50,10,3,228.89995574951172,49.99995231628418,17.70522728578824,0,3,S2,29
50,10,3,228.89995574951172,49.99995231628418,18.431639497798354,0,4,S1,1113
100,20,5,452.4998664855957,99.99990463256836,38.89617970401673,0,6,S2,29
100,20,5,452.4998664855957,99.99990463256836,38.45258688070553,0,7,S1,1113
100,20,20,,,82.91560657980217,0,12,SF,Unknown
